GPS_lon,GPS_lat
-112.2549277,36.08117083
-112.2656969,36.08649599